row_index,column,error_family,error_type,valeur_originale,valeur_bruitee_vue_par_llm,valeur_produite_par_llm,statut
13,provider_number,real_world_error,real_dirty_value,10019,1xx19,10019,Corrigé
45,provider_number,real_world_error,real_dirty_value,10005,x0005,10005,Corrigé
81,provider_number,real_world_error,real_dirty_value,10006,1000x,10006,Corrigé
213,provider_number,real_world_error,real_dirty_value,10011,x00xx,10011,Corrigé
244,provider_number,real_world_error,real_dirty_value,10015,x00x5,10015,Corrigé
253,provider_number,real_world_error,real_dirty_value,10015,1xx15,10015,Corrigé
273,provider_number,real_world_error,real_dirty_value,10016,1xx16,10016,Corrigé
314,provider_number,real_world_error,real_dirty_value,10038,100x8,10038,Corrigé
360,provider_number,real_world_error,real_dirty_value,10086,100x6,10086,Corrigé
408,provider_number,real_world_error,real_dirty_value,10108,x0x08,10108,Corrigé
559,provider_number,real_world_error,real_dirty_value,10024,1xx24,10024,Corrigé
608,provider_number,real_world_error,real_dirty_value,10027,x0027,10027,Corrigé
627,provider_number,real_world_error,real_dirty_value,10029,x0029,10029,Corrigé
639,provider_number,real_world_error,real_dirty_value,10029,1xx29,10029,Corrigé
645,provider_number,real_world_error,real_dirty_value,10032,1xx32,10032,Corrigé
655,provider_number,real_world_error,real_dirty_value,10032,1xx32,10032,Corrigé
704,provider_number,real_world_error,real_dirty_value,10034,100x4,10034,Corrigé
721,provider_number,real_world_error,real_dirty_value,10035,100x5,10035,Corrigé
724,provider_number,real_world_error,real_dirty_value,10035,1xx35,10035,Corrigé
755,provider_number,real_world_error,real_dirty_value,10036,1xx36,10036,Corrigé
780,provider_number,real_world_error,real_dirty_value,10039,1003x,10039,Corrigé
789,provider_number,real_world_error,real_dirty_value,10039,1xx39,10039,Corrigé
793,provider_number,real_world_error,real_dirty_value,10039,100x9,10039,Corrigé
859,provider_number,real_world_error,real_dirty_value,10044,1xx44,10044,Corrigé
878,provider_number,real_world_error,real_dirty_value,10045,1xx45,10045,Corrigé
888,provider_number,real_world_error,real_dirty_value,10045,x0045,10045,Corrigé
933,provider_number,real_world_error,real_dirty_value,10047,1xx47,10047,Corrigé
955,provider_number,real_world_error,real_dirty_value,10049,1004x,10049,Corrigé
57,address_1,real_world_error,real_dirty_value,2505 u s highway 431 north,2505xuxsxhighwayx431xnorth,2505xuxsxhighwayx431xnorth,Non corrigé (regression)
94,address_1,real_world_error,real_dirty_value,702 n main st,702xnxmainxst,702xnxmainxst,Non corrigé (regression)
106,address_1,real_world_error,real_dirty_value,702 n main st,702 x maix st,702 x maix st,Non corrigé (regression)
161,address_1,real_world_error,real_dirty_value,201 pine street northwest,201 pine sxreex norxhwesx,201 pine sxreex norxhwesx,Non corrigé (regression)
175,address_1,real_world_error,real_dirty_value,8000 alabama highway 69,8000 alabama xigxway 69,8000 alabama xigxway 69,Non corrigé (regression)
260,address_1,real_world_error,real_dirty_value,33700 highway 43,33700 hxghway 43,33700 hxghway 43,Non corrigé (regression)
264,address_1,real_world_error,real_dirty_value,33700 highway 43,33700 highway x3,33700 highway x3,Non corrigé (regression)
275,address_1,real_world_error,real_dirty_value,1000 first street north,1000 fixst stxeet noxth,1000 fixst stxeet noxth,Non corrigé (regression)
295,address_1,real_world_error,real_dirty_value,1720 university blvd,1720 univxrsity blvd,1720 univxrsity blvd,Non corrigé (regression)
316,address_1,real_world_error,real_dirty_value,301 east 18th st,301xeastx18thxst,301xeastx18thxst,Non corrigé (regression)
334,address_1,real_world_error,real_dirty_value,4370 west main street,4370xwestxmainxstreet,4370xwestxmainxstreet,Non corrigé (regression)
350,address_1,real_world_error,real_dirty_value,810 st vincents drive,810 st vxncents drxve,810 st vxncents drxve,Non corrigé (regression)
363,address_1,real_world_error,real_dirty_value,1530 u s highway 43,1530xuxsxhighwayx43,1530xuxsxhighwayx43,Non corrigé (regression)
393,address_1,real_world_error,real_dirty_value,124 s memorial dr,124xsxmemorialxdr,124xsxmemorialxdr,Non corrigé (regression)
411,address_1,real_world_error,real_dirty_value,124 s memorial dr,124 s mxmorial dr,124 s mxmorial dr,Non corrigé (regression)
415,address_1,real_world_error,real_dirty_value,315 w hickory st,315 w hickxry st,315 w hickxry st,Non corrigé (regression)
431,address_1,real_world_error,real_dirty_value,315 w hickory st,315xwxhickoryxst,315xwxhickoryxst,Non corrigé (regression)
451,address_1,real_world_error,real_dirty_value,po box 287,poxboxx287,poxboxx287,Non corrigé (regression)
472,address_1,real_world_error,real_dirty_value,126 hospital ave,126xhospitalxave,126xhospitalxave,Non corrigé (regression)
484,address_1,real_world_error,real_dirty_value,126 hospital ave,1x6 hospital ave,1x6 hospital ave,Non corrigé (regression)
652,address_1,real_world_error,real_dirty_value,209 north main street,209 xorth maix street,209 xorth maix street,Non corrigé (regression)
736,address_1,real_world_error,real_dirty_value,1912 alabama highway 157,1912xalabamaxhighwayx157,1912xalabamaxhighwayx157,Non corrigé (regression)
767,address_1,real_world_error,real_dirty_value,301 east 18th st,301 east 1xth st,301 east 1xth st,Non corrigé (regression)
849,address_1,real_world_error,real_dirty_value,1010 lay dam road,x0x0 lay dam road,x0x0 lay dam road,Non corrigé (regression)
857,address_1,real_world_error,real_dirty_value,1256 military street south,1256 military street sxuth,1256 military street sxuth,Non corrigé (regression)
915,address_1,real_world_error,real_dirty_value,600 south third street,600 souxh xhird sxreex,600 souxh xhird sxreex,Non corrigé (regression)
934,address_1,real_world_error,real_dirty_value,515 miranda st,515 miranda sx,515 miranda sx,Non corrigé (regression)
935,address_1,real_world_error,real_dirty_value,515 miranda st,515 miranxa st,515 miranxa st,Non corrigé (regression)
945,address_1,real_world_error,real_dirty_value,515 miranda st,515 mirxndx st,515 mirxndx st,Non corrigé (regression)
956,address_1,real_world_error,real_dirty_value,400 n edwards street,400xnxedwardsxstreet,400xnxedwardsxstreet,Non corrigé (regression)
986,address_1,real_world_error,real_dirty_value,150 gilbreath drive,150 gilxreath drive,150 gilxreath drive,Non corrigé (regression)
3,city,real_world_error,real_dirty_value,birmingham,birminghxm,birminghxm,Non corrigé (regression)
7,city,real_world_error,real_dirty_value,birmingham,birmingxam,birmingxam,Non corrigé (regression)
10,city,real_world_error,real_dirty_value,sheffield,sheffxeld,sheffxeld,Non corrigé (regression)
56,city,real_world_error,real_dirty_value,boaz,boxz,boxz,Non corrigé (regression)
79,city,real_world_error,real_dirty_value,florence,fxorence,fxorence,Non corrigé (regression)
88,city,real_world_error,real_dirty_value,florence,florxncx,florxncx,Non corrigé (regression)
93,city,real_world_error,real_dirty_value,florence,flxrence,flxrence,Non corrigé (regression)
180,city,real_world_error,real_dirty_value,guntersville,guntxrsvillx,guntxrsvillx,Non corrigé (regression)
207,city,real_world_error,real_dirty_value,birmingham,birmixgham,birmixgham,Non corrigé (regression)
212,city,real_world_error,real_dirty_value,birmingham,bxrmxngham,bxrmxngham,Non corrigé (regression)
228,city,real_world_error,real_dirty_value,fort payne,fort payxe,fort payxe,Non corrigé (regression)
311,city,real_world_error,real_dirty_value,anniston,axxistox,axxistox,Non corrigé (regression)
367,city,real_world_error,real_dirty_value,winfield,winfielx,winfielx,Non corrigé (regression)
437,city,real_world_error,real_dirty_value,anchorage,anchoraxe,anchoraxe,Non corrigé (regression)
474,city,real_world_error,real_dirty_value,ozark,ozarx,ozarx,Non corrigé (regression)
485,city,real_world_error,real_dirty_value,ozark,xzark,xzark,Non corrigé (regression)
517,city,real_world_error,real_dirty_value,montgomery,montxomery,montxomery,Non corrigé (regression)
578,city,real_world_error,real_dirty_value,valley,vallex,vallex,Non corrigé (regression)
590,city,real_world_error,real_dirty_value,valley,vxlley,vxlley,Non corrigé (regression)
601,city,real_world_error,real_dirty_value,elba,exba,exba,Non corrigé (regression)
654,city,real_world_error,real_dirty_value,wedowee,wxdowxx,wxdowxx,Non corrigé (regression)
690,city,real_world_error,real_dirty_value,birmingham,birminxham,birminxham,Non corrigé (regression)
696,city,real_world_error,real_dirty_value,tallassee,tallaxxee,tallaxxee,Non corrigé (regression)
736,city,real_world_error,real_dirty_value,cullman,cuxxman,cuxxman,Non corrigé (regression)
756,city,real_world_error,real_dirty_value,andalusia,andaluxia,andaluxia,Non corrigé (regression)
772,city,real_world_error,real_dirty_value,anniston,annxston,annxston,Non corrigé (regression)
821,city,real_world_error,real_dirty_value,gadsden,gxdsden,gxdsden,Non corrigé (regression)
855,city,real_world_error,real_dirty_value,hamilton,hamilxon,hamilxon,Non corrigé (regression)
895,city,real_world_error,real_dirty_value,fayette,faxette,faxette,Non corrigé (regression)
949,city,real_world_error,real_dirty_value,georgiana,geoxgiana,geoxgiana,Non corrigé (regression)
960,city,real_world_error,real_dirty_value,enterprise,enterprxse,enterprxse,Non corrigé (regression)
968,city,real_world_error,real_dirty_value,enterprise,xntxrprisx,xntxrprisx,Non corrigé (regression)
985,city,real_world_error,real_dirty_value,oneonta,onxonta,onxonta,Non corrigé (regression)
42,state,real_world_error,real_dirty_value,al,xl,al,Corrigé
46,state,real_world_error,real_dirty_value,al,xl,al,Corrigé
50,state,real_world_error,real_dirty_value,al,xl,al,Corrigé
83,state,real_world_error,real_dirty_value,al,xl,al,Corrigé
98,state,real_world_error,real_dirty_value,al,xl,al,Corrigé
119,state,real_world_error,real_dirty_value,al,ax,al,Corrigé
140,state,real_world_error,real_dirty_value,al,ax,al,Corrigé
165,state,real_world_error,real_dirty_value,al,ax,al,Corrigé
182,state,real_world_error,real_dirty_value,al,xl,al,Corrigé
228,state,real_world_error,real_dirty_value,al,ax,al,Corrigé
278,state,real_world_error,real_dirty_value,al,xl,al,Corrigé
356,state,real_world_error,real_dirty_value,al,ax,al,Corrigé
386,state,real_world_error,real_dirty_value,al,xl,al,Corrigé
402,state,real_world_error,real_dirty_value,al,ax,al,Corrigé
477,state,real_world_error,real_dirty_value,al,xl,al,Corrigé
483,state,real_world_error,real_dirty_value,al,xl,al,Corrigé
504,state,real_world_error,real_dirty_value,al,ax,al,Corrigé
559,state,real_world_error,real_dirty_value,al,xl,al,Corrigé
572,state,real_world_error,real_dirty_value,al,ax,al,Corrigé
592,state,real_world_error,real_dirty_value,al,ax,al,Corrigé
701,state,real_world_error,real_dirty_value,al,xl,al,Corrigé
764,state,real_world_error,real_dirty_value,al,xl,al,Corrigé
791,state,real_world_error,real_dirty_value,al,xl,al,Corrigé
884,state,real_world_error,real_dirty_value,al,xl,al,Corrigé
886,state,real_world_error,real_dirty_value,al,xl,al,Corrigé
922,state,real_world_error,real_dirty_value,al,ax,al,Corrigé
24,emergency_service,real_world_error,real_dirty_value,yes,yxs,yes,Corrigé
43,emergency_service,real_world_error,real_dirty_value,yes,yex,yes,Corrigé
51,emergency_service,real_world_error,real_dirty_value,yes,yxs,yes,Corrigé
157,emergency_service,real_world_error,real_dirty_value,yes,yxs,yes,Corrigé
318,emergency_service,real_world_error,real_dirty_value,yes,xes,yes,Corrigé
327,emergency_service,real_world_error,real_dirty_value,yes,yex,yes,Corrigé
332,emergency_service,real_world_error,real_dirty_value,yes,yex,yes,Corrigé
350,emergency_service,real_world_error,real_dirty_value,yes,yxs,yes,Corrigé
374,emergency_service,real_world_error,real_dirty_value,yes,yex,yes,Corrigé
389,emergency_service,real_world_error,real_dirty_value,yes,yxs,yes,Corrigé
410,emergency_service,real_world_error,real_dirty_value,yes,yxs,yes,Corrigé
418,emergency_service,real_world_error,real_dirty_value,no,xo,xo,Non corrigé (regression)
492,emergency_service,real_world_error,real_dirty_value,yes,yxs,yes,Corrigé
521,emergency_service,real_world_error,real_dirty_value,yes,yxs,yes,Corrigé
536,emergency_service,real_world_error,real_dirty_value,yes,yex,yes,Corrigé
564,emergency_service,real_world_error,real_dirty_value,yes,xes,yes,Corrigé
579,emergency_service,real_world_error,real_dirty_value,yes,xes,yes,Corrigé
587,emergency_service,real_world_error,real_dirty_value,yes,xes,yes,Corrigé
628,emergency_service,real_world_error,real_dirty_value,yes,yex,yes,Corrigé
653,emergency_service,real_world_error,real_dirty_value,no,xo,xo,Non corrigé (regression)
674,emergency_service,real_world_error,real_dirty_value,yes,yex,yes,Corrigé
797,emergency_service,real_world_error,real_dirty_value,yes,yxs,yes,Corrigé
809,emergency_service,real_world_error,real_dirty_value,yes,xes,yes,Corrigé
866,emergency_service,real_world_error,real_dirty_value,yes,yxs,yes,Corrigé
889,emergency_service,real_world_error,real_dirty_value,yes,yex,yes,Corrigé
919,emergency_service,real_world_error,real_dirty_value,yes,yex,yes,Corrigé
921,emergency_service,real_world_error,real_dirty_value,yes,yxs,yes,Corrigé
21,condition,real_world_error,real_dirty_value,heart attack,heart attaxk,heart attaxk,Non corrigé (regression)
22,condition,real_world_error,real_dirty_value,heart attack,hearx axxack,hearx axxack,Non corrigé (regression)
73,condition,real_world_error,real_dirty_value,heart attack,hearx axxack,hearx axxack,Non corrigé (regression)
127,condition,real_world_error,real_dirty_value,heart failure,heaxt failuxe,heaxt failuxe,Non corrigé (regression)
199,condition,real_world_error,real_dirty_value,heart attack,heaxt attack,heaxt attack,Non corrigé (regression)
225,condition,real_world_error,real_dirty_value,heart attack,hexrt attxck,hexrt attxck,Non corrigé (regression)
229,condition,real_world_error,real_dirty_value,heart failure,heart faxlure,heart faxlure,Non corrigé (regression)
236,condition,real_world_error,real_dirty_value,surgical infection prevention,suxgical infection pxevention,suxgical infection pxevention,Non corrigé (regression)
239,condition,real_world_error,real_dirty_value,surgical infection prevention,surgxcal infectxon preventxon,surgxcal infectxon preventxon,Non corrigé (regression)
256,condition,real_world_error,real_dirty_value,pneumonia,xneumonia,xneumonia,Non corrigé (regression)
279,condition,real_world_error,real_dirty_value,heart failure,xeart failure,xeart failure,Non corrigé (regression)
366,condition,real_world_error,real_dirty_value,pneumonia,pnxumonia,pnxumonia,Non corrigé (regression)
369,condition,real_world_error,real_dirty_value,pneumonia,pnexmonia,pnexmonia,Non corrigé (regression)
386,condition,real_world_error,real_dirty_value,heart failure,hxart failurx,hxart failurx,Non corrigé (regression)
400,condition,real_world_error,real_dirty_value,heart failure,hxart failurx,hxart failurx,Non corrigé (regression)
467,condition,real_world_error,real_dirty_value,heart attack,hexrt attxck,hexrt attxck,Non corrigé (regression)
506,condition,real_world_error,real_dirty_value,pneumonia,pneumonix,pneumonix,Non corrigé (regression)
555,condition,real_world_error,real_dirty_value,pneumonia,pxeumoxia,pxeumoxia,Non corrigé (regression)
599,condition,real_world_error,real_dirty_value,heart failure,heart faixure,heart faixure,Non corrigé (regression)
608,condition,real_world_error,real_dirty_value,surgical infection prevention,surgical ixfectiox prevextiox,surgical ixfectiox prevextiox,Non corrigé (regression)
631,condition,real_world_error,real_dirty_value,pneumonia,pneumonxa,pneumonxa,Non corrigé (regression)
679,condition,real_world_error,real_dirty_value,pneumonia,xneumonia,xneumonia,Non corrigé (regression)
695,condition,real_world_error,real_dirty_value,heart attack,heart attaxk,heart attaxk,Non corrigé (regression)
698,condition,real_world_error,real_dirty_value,heart failure,hexrt fxilure,hexrt fxilure,Non corrigé (regression)
712,condition,real_world_error,real_dirty_value,surgical infection prevention,surgical infection xrevention,surgical infection xrevention,Non corrigé (regression)
716,condition,real_world_error,real_dirty_value,heart attack,heartxattack,heartxattack,Non corrigé (regression)
733,condition,real_world_error,real_dirty_value,surgical infection prevention,suxgical infection pxevention,suxgical infection pxevention,Non corrigé (regression)
780,condition,real_world_error,real_dirty_value,heart attack,heart attaxk,heart attaxk,Non corrigé (regression)
851,condition,real_world_error,real_dirty_value,surgical infection prevention,surgical infxction prxvxntion,surgical infxction prxvxntion,Non corrigé (regression)
869,condition,real_world_error,real_dirty_value,surgical infection prevention,surgical ixfectiox prevextiox,surgical ixfectiox prevextiox,Non corrigé (regression)
955,condition,real_world_error,real_dirty_value,heart attack,hexrt attxck,hexrt attxck,Non corrigé (regression)
974,condition,real_world_error,real_dirty_value,surgical infection prevention,surgical xnfection prevention,surgical xnfection prevention,Non corrigé (regression)
97,measure_code,real_world_error,real_dirty_value,ami-4,axi-4,ami-4,Corrigé
101,measure_code,real_world_error,real_dirty_value,hf-1,hfx1,hf-1,Corrigé
108,measure_code,real_world_error,real_dirty_value,pn-5c,pnx5c,pn-5c,Corrigé
120,measure_code,real_world_error,real_dirty_value,ami-2,axi-2,ami-2,Corrigé
177,measure_code,real_world_error,real_dirty_value,hf-2,hf-x,hf-2,Corrigé
190,measure_code,real_world_error,real_dirty_value,scip-inf-4,scip-inx-4,scip-inf-4,Corrigé
264,measure_code,real_world_error,real_dirty_value,scip-inf-3,scxp-xnf-3,scip-inf-3,Corrigé
349,measure_code,real_world_error,real_dirty_value,ami-2,amix2,ami-2,Corrigé
391,measure_code,real_world_error,real_dirty_value,pn-3b,pn-xb,pn-3b,Corrigé
398,measure_code,real_world_error,real_dirty_value,hf-1,hx-1,hf-1,Corrigé
409,measure_code,real_world_error,real_dirty_value,scip-inf-1,scipxinfx1,scip-inf-1,Corrigé
464,measure_code,real_world_error,real_dirty_value,scip-vte-1,sxip-vte-1,scip-vte-1,Corrigé
495,measure_code,real_world_error,real_dirty_value,ami-5,ami-x,ami-5,Corrigé
580,measure_code,real_world_error,real_dirty_value,pn-5c,px-5c,pn-5c,Corrigé
639,measure_code,real_world_error,real_dirty_value,scip-vte-1,scip-vtx-1,scip-vte-1,Corrigé
648,measure_code,real_world_error,real_dirty_value,hf-1,hfx1,hf-1,Corrigé
673,measure_code,real_world_error,real_dirty_value,hf-1,xf-1,hf-1,Corrigé
676,measure_code,real_world_error,real_dirty_value,hf-4,hfx4,hf-4,Corrigé
691,measure_code,real_world_error,real_dirty_value,ami-1,amix1,ami-1,Corrigé
694,measure_code,real_world_error,real_dirty_value,ami-4,amx-4,ami-4,Corrigé
718,measure_code,real_world_error,real_dirty_value,ami-3,amx-3,ami-3,Corrigé
729,measure_code,real_world_error,real_dirty_value,pn-4,px-4,pn-4,Corrigé
735,measure_code,real_world_error,real_dirty_value,scip-inf-2,scix-inf-2,scip-inf-2,Corrigé
749,measure_code,real_world_error,real_dirty_value,hf-2,hx-2,hf-2,Corrigé
774,measure_code,real_world_error,real_dirty_value,cac-1,xax-1,cac-1,Corrigé
788,measure_code,real_world_error,real_dirty_value,pn-2,pn-x,pn-2,Corrigé
842,measure_code,real_world_error,real_dirty_value,pn-6,pnx6,pn-6,Corrigé
865,measure_code,real_world_error,real_dirty_value,pn-4,px-4,pn-4,Corrigé
930,measure_code,real_world_error,real_dirty_value,ami-1,amix1,ami-1,Corrigé
0,measure_name,real_world_error,real_dirty_value,surgery patients who were taking heart drugs called beta blockers before coming to the hospital who were kept on the beta blockers during the period just before and after their surgery,surgery patients who were taking heart drugs caxxed beta bxockers before coming to the hospitax who were kept on the beta bxockers during the period just before and after their surgery,surgery patients who were taking heart drugs caxxed beta bxockers before coming to the hospitax who were kept on the beta bxockers during the period just before and after their surgery,Non corrigé (regression)
94,measure_name,real_world_error,real_dirty_value,heart attack patients given aspirin at arrival,xeart attack patients given aspirin at arrival,xeart attack patients given aspirin at arrival,Non corrigé (regression)
111,measure_name,real_world_error,real_dirty_value,surgery patients who were taking heart drugs called beta blockers before coming to the hospital who were kept on the beta blockers during the period just before and after their surgery,surgery patiexts who were takixg heart drugs called beta blockers before comixg to the hospital who were kept ox the beta blockers durixg the period just before axd after their surgery,surgery patiexts who were takixg heart drugs called beta blockers before comixg to the hospital who were kept ox the beta blockers durixg the period just before axd after their surgery,Non corrigé (regression)
119,measure_name,real_world_error,real_dirty_value,heart attack patients given aspirin at arrival,heart attack patients given aspirin at arrivax,heart attack patients given aspirin at arrivax,Non corrigé (regression)
145,measure_name,real_world_error,real_dirty_value,heart attack patients given aspirin at discharge,heart attaxk patients given aspirin at disxharge,heart attaxk patients given aspirin at disxharge,Non corrigé (regression)
210,measure_name,real_world_error,real_dirty_value,pneumonia patients assessed and given influenza vaccination,pneumoniaxpatientsxassessedxandxgivenxinfluenzaxvaccination,pneumoniaxpatientsxassessedxandxgivenxinfluenzaxvaccination,Non corrigé (regression)
219,measure_name,real_world_error,real_dirty_value,heart attack patients given aspirin at arrival,heartxattackxpatientsxgivenxaspirinxatxarrival,heartxattackxpatientsxgivenxaspirinxatxarrival,Non corrigé (regression)
256,measure_name,real_world_error,real_dirty_value,pneumonia patients whose initial emergency room blood culture was performed prior to the administration of the first hospital dose of antibiotics,pneumonxa patxents whose inxtxal emergency room blood culture was performed prxor to the admxnxstratxon of the fxrst hospxtal dose of antxbxotxcs,pneumonxa patxents whose inxtxal emergency room blood culture was performed prxor to the admxnxstratxon of the fxrst hospxtal dose of antxbxotxcs,Non corrigé (regression)
281,measure_name,real_world_error,real_dirty_value,pneumonia patients whose initial emergency room blood culture was performed prior to the administration of the first hospital dose of antibiotics,pnxumonia patixnts whosx initial emxrgxncy room blood culturx was pxrformxd prior to thx administration of thx first hospital dosx of antibiotics,pnxumonia patixnts whosx initial emxrgxncy room blood culturx was pxrformxd prior to thx administration of thx first hospital dosx of antibiotics,Non corrigé (regression)
290,measure_name,real_world_error,real_dirty_value,all heart surgery patients whose blood sugar (blood glucose) is kept under good control in the days right after surgery,all heart surgerx patients whose blood sugar (blood glucose) is kept under good control in the daxs right after surgerx,all heart surgerx patients whose blood sugar (blood glucose) is kept under good control in the daxs right after surgerx,Non corrigé (regression)
346,measure_name,real_world_error,real_dirty_value,surgery patients whose doctors ordered treatments to prevent blood clots after certain types of surgeries,surgery pxtients whose doctors ordered trextments to prevent blood clots xfter certxin types of surgeries,surgery pxtients whose doctors ordered trextments to prevent blood clots xfter certxin types of surgeries,Non corrigé (regression)
380,measure_name,real_world_error,real_dirty_value,heart attack patients given aspirin at discharge,heaxt attack patients given aspixin at dischaxge,heaxt attack patients given aspixin at dischaxge,Non corrigé (regression)
389,measure_name,real_world_error,real_dirty_value,heart failure patients given smoking cessation advice/counseling,heart xailure patients given smoking cessation advice/counseling,heart xailure patients given smoking cessation advice/counseling,Non corrigé (regression)
434,measure_name,real_world_error,real_dirty_value,heart failure patients given ace inhibitor or arb for left ventricular systolic dysfunction (lvsd),heart faxlure patxents gxven ace inhxbxtor or arb for left ventrxcular systolxc dysfunctxon (lvsd),heart faxlure patxents gxven ace inhxbxtor or arb for left ventrxcular systolxc dysfunctxon (lvsd),Non corrigé (regression)
447,measure_name,real_world_error,real_dirty_value,surgery patients needing hair removed from the surgical area before surgery who had hair removed using a safer method (electric clippers or hair removal cream c not a razor),surgeryxpatientsxneedingxhairxremovedxfromxthexsurgicalxareaxbeforexsurgery& xwhoxhadxhairxremovedxusingxaxsaferxmethodx(electricxclippersxorxhairxremovalxcreamxï¿½cxnotxaxrazor),surgeryxpatientsxneedingxhairxremovedxfromxthexsurgicalxareaxbeforexsurgery& xwhoxhadxhairxremovedxusingxaxsaferxmethodx(electricxclippersxorxhairxremovalxcreamxï¿½cxnotxaxrazor),Non corrigé (regression)
473,measure_name,real_world_error,real_dirty_value,heart failure patients given discharge instructions,heaxt failuxe patients given dischaxge instxuctions,heaxt failuxe patients given dischaxge instxuctions,Non corrigé (regression)
493,measure_name,real_world_error,real_dirty_value,heart attack patients given ace inhibitor or arb for left ventricular systolic dysfunction (lvsd),hxart attack patixnts givxn ace inhibitor or arb for lxft vxntricular systolic dysfunction (lvsd),hxart attack patixnts givxn ace inhibitor or arb for lxft vxntricular systolic dysfunction (lvsd),Non corrigé (regression)
507,measure_name,real_world_error,real_dirty_value,pneumonia patients assessed and given influenza vaccination,pneumonix pxtients assessed xnd given influenzx vxccinxtion,pneumonix pxtients assessed xnd given influenzx vxccinxtion,Non corrigé (regression)
532,measure_name,real_world_error,real_dirty_value,pneumonia patients assessed and given influenza vaccination,pxeumoxia patiexts assessed axd givex ixfluexza vaccixatiox,pxeumoxia patiexts assessed axd givex ixfluexza vaccixatiox,Non corrigé (regression)
541,measure_name,real_world_error,real_dirty_value,heart attack patients given aspirin at arrival,hexrt attxck pxtients given aspirin xt arrivxl,hexrt attxck pxtients given aspirin xt arrivxl,Non corrigé (regression)
545,measure_name,real_world_error,real_dirty_value,heart attack patients given beta blocker at discharge,heaxt attack patients given beta blockex at dischaxge,heaxt attack patients given beta blockex at dischaxge,Non corrigé (regression)
562,measure_name,real_world_error,real_dirty_value,all heart surgery patients whose blood sugar (blood glucose) is kept under good control in the days right after surgery,allxheartxsurgeryxpatientsxwhosexbloodxsugarx(bloodxglucose)xisxkeptxunderxgoodxcontrolxinxthexdaysxrightxafterxsurgery,allxheartxsurgeryxpatientsxwhosexbloodxsugarx(bloodxglucose)xisxkeptxunderxgoodxcontrolxinxthexdaysxrightxafterxsurgery,Non corrigé (regression)
612,measure_name,real_world_error,real_dirty_value,all heart surgery patients whose blood sugar (blood glucose) is kept under good control in the days right after surgery,all heaxt suxgexy patients whose blood sugax (blood glucose) is kept undex good contxol in the days xight aftex suxgexy,all heaxt suxgexy patients whose blood sugax (blood glucose) is kept undex good contxol in the days xight aftex suxgexy,Non corrigé (regression)
650,measure_name,real_world_error,real_dirty_value,heart failure patients given ace inhibitor or arb for left ventricular systolic dysfunction (lvsd),heart failure patients given ace inhibitor or arb for left xentricular systolic dysfunction (lxsd),heart failure patients given ace inhibitor or arb for left xentricular systolic dysfunction (lxsd),Non corrigé (regression)
651,measure_name,real_world_error,real_dirty_value,heart failure patients given smoking cessation advice/counseling,heart faxlure patxents gxven smokxng cessatxon advxce/counselxng,heart faxlure patxents gxven smokxng cessatxon advxce/counselxng,Non corrigé (regression)
672,measure_name,real_world_error,real_dirty_value,heart attack patients given pci within 90 minutes of arrival,heartxattackxpatientsxgivenxpcixwithinx90xminutesxofxarrival,heartxattackxpatientsxgivenxpcixwithinx90xminutesxofxarrival,Non corrigé (regression)
705,measure_name,real_world_error,real_dirty_value,pneumonia patients given initial antibiotic(s) within 6 hours after arrival,pxeumoxia patiexts givex ixitial axtibiotic(s) withix 6 hours after arrival,pxeumoxia patiexts givex ixitial axtibiotic(s) withix 6 hours after arrival,Non corrigé (regression)
706,measure_name,real_world_error,real_dirty_value,pneumonia patients given the most appropriate initial antibiotic(s),pxeumoxia patiexts givex the most appropriate ixitial axtibiotic(s),pxeumoxia patiexts givex the most appropriate ixitial axtibiotic(s),Non corrigé (regression)
713,measure_name,real_world_error,real_dirty_value,surgery patients needing hair removed from the surgical area before surgery who had hair removed using a safer method (electric clippers or hair removal cream c not a razor),surgery paxienxs needing hair removed from xhe surgical area before surgery who had hair removed using a safer mexhod (elecxric clippers or hair removal cream c nox a razor),surgery paxienxs needing hair removed from xhe surgical area before surgery who had hair removed using a safer mexhod (elecxric clippers or hair removal cream c nox a razor),Non corrigé (regression)
785,measure_name,real_world_error,real_dirty_value,heart failure patients given an evaluation of left ventricular systolic (lvs) function,heaxt failuxe patients given an evaluation of left ventxiculax systolic (lvs) function,heaxt failuxe patients given an evaluation of left ventxiculax systolic (lvs) function,Non corrigé (regression)
802,measure_name,real_world_error,real_dirty_value,heart attack patients given aspirin at arrival,heart attack patxents gxven aspxrxn at arrxval,heart attack patxents gxven aspxrxn at arrxval,Non corrigé (regression)
816,measure_name,real_world_error,real_dirty_value,pneumonia patients given initial antibiotic(s) within 6 hours after arrival,pneumonix pxtients given initixl antibiotic(s) within 6 hours after arrivxl,pneumonix pxtients given initixl antibiotic(s) within 6 hours after arrivxl,Non corrigé (regression)
893,measure_name,real_world_error,real_dirty_value,pneumonia patients assessed and given influenza vaccination,pneumonia patients assessed and given influenza vaxxination,pneumonia patients assessed and given influenza vaxxination,Non corrigé (regression)
902,measure_name,real_world_error,real_dirty_value,children who received reliever medication while hospitalized for asthma,childrenxwhoxreceivedxrelieverxmedicationxwhilexhospitalizedxforxasthma,childrenxwhoxreceivedxrelieverxmedicationxwhilexhospitalizedxforxasthma,Non corrigé (regression)
915,measure_name,real_world_error,real_dirty_value,heart failure patients given smoking cessation advice/counseling,hearx failure paxienxs given smoking cessaxion advice/counseling,hearx failure paxienxs given smoking cessaxion advice/counseling,Non corrigé (regression)
997,measure_name,real_world_error,real_dirty_value,surgery patients who were taking heart drugs called beta blockers before coming to the hospital who were kept on the beta blockers during the period just before and after their surgery,surgery pxtients who were txking hexrt drugs cxlled betx blockers before coming to the hospitxl who were kept on the betx blockers during the period just before xnd xfter their surgery,surgery pxtients who were txking hexrt drugs cxlled betx blockers before coming to the hospitxl who were kept on the betx blockers during the period just before xnd xfter their surgery,Non corrigé (regression)
120,score,real_world_error,real_dirty_value,100%,x00%,00%,Mal corrigé (valeur différente mais fausse)
158,score,real_world_error,real_dirty_value,98%,9x%,9%,Mal corrigé (valeur différente mais fausse)
163,score,real_world_error,real_dirty_value,57%,x7%,7%,Mal corrigé (valeur différente mais fausse)
187,score,real_world_error,real_dirty_value,95%,95x,95%,Corrigé
208,score,real_world_error,real_dirty_value,95%,x5%,5%,Mal corrigé (valeur différente mais fausse)
237,score,real_world_error,real_dirty_value,97%,9x%,9%,Mal corrigé (valeur différente mais fausse)
238,score,real_world_error,real_dirty_value,99%,xx%,100%,Mal corrigé (valeur différente mais fausse)
252,score,real_world_error,real_dirty_value,89%,89x,89%,Corrigé
256,score,real_world_error,real_dirty_value,96%,x6%,6%,Mal corrigé (valeur différente mais fausse)
336,score,real_world_error,real_dirty_value,100%,x00%,00%,Mal corrigé (valeur différente mais fausse)
378,score,real_world_error,real_dirty_value,95%,x5%,5%,Mal corrigé (valeur différente mais fausse)
405,score,real_world_error,real_dirty_value,94%,x4%,4%,Mal corrigé (valeur différente mais fausse)
411,score,real_world_error,real_dirty_value,100%,1xx%,1%,Mal corrigé (valeur différente mais fausse)
426,score,real_world_error,real_dirty_value,97%,x7%,7%,Mal corrigé (valeur différente mais fausse)
488,score,real_world_error,real_dirty_value,100%,1xx%,1%,Mal corrigé (valeur différente mais fausse)
506,score,real_world_error,real_dirty_value,93%,93x,93%,Corrigé
514,score,real_world_error,real_dirty_value,100%,1xx%,1%,Mal corrigé (valeur différente mais fausse)
698,score,real_world_error,real_dirty_value,88%,xx%,100%,Mal corrigé (valeur différente mais fausse)
711,score,real_world_error,real_dirty_value,100%,1xx%,1%,Mal corrigé (valeur différente mais fausse)
718,score,real_world_error,real_dirty_value,67%,x7%,7%,Mal corrigé (valeur différente mais fausse)
769,score,real_world_error,real_dirty_value,93%,x3%,3%,Mal corrigé (valeur différente mais fausse)
860,score,real_world_error,real_dirty_value,80%,80x,80%,Corrigé
888,score,real_world_error,real_dirty_value,85%,x5%,5%,Mal corrigé (valeur différente mais fausse)
17,sample,real_world_error,real_dirty_value,37 patients,3x patients,3x patients,Non corrigé (regression)
91,sample,real_world_error,real_dirty_value,619 patients,619 paxienxs,619 paxienxs,Non corrigé (regression)
115,sample,real_world_error,real_dirty_value,0 patients,0 patixnts,0 patixnts,Non corrigé (regression)
133,sample,real_world_error,real_dirty_value,21 patients,21 pxtients,21 pxtients,Non corrigé (regression)
166,sample,real_world_error,real_dirty_value,11 patients,xx patients,xx patients,Non corrigé (regression)
170,sample,real_world_error,real_dirty_value,6 patients,6xpatients,6xpatients,Non corrigé (regression)
224,sample,real_world_error,real_dirty_value,1 patients,1 patiexts,1 patiexts,Non corrigé (regression)
234,sample,real_world_error,real_dirty_value,82 patients,82 patientx,82 patientx,Non corrigé (regression)
316,sample,real_world_error,real_dirty_value,29 patients,29 xatients,29 xatients,Non corrigé (regression)
354,sample,real_world_error,real_dirty_value,10 patients,1x patients,1x patients,Non corrigé (regression)
413,sample,real_world_error,real_dirty_value,125 patients,125 patixnts,125 patixnts,Non corrigé (regression)
418,sample,real_world_error,real_dirty_value,4 patients,4 xatients,4 xatients,Non corrigé (regression)
444,sample,real_world_error,real_dirty_value,521 patients,521 patiexts,521 patiexts,Non corrigé (regression)
462,sample,real_world_error,real_dirty_value,0 patients,x patients,x patients,Non corrigé (regression)
482,sample,real_world_error,real_dirty_value,62 patients,62 patientx,62 patientx,Non corrigé (regression)
496,sample,real_world_error,real_dirty_value,0 patients,0 patxents,0 patxents,Non corrigé (regression)
502,sample,real_world_error,real_dirty_value,44 patients,44 paxienxs,44 paxienxs,Non corrigé (regression)
523,sample,real_world_error,real_dirty_value,257 patients,25x patients,25x patients,Non corrigé (regression)
532,sample,real_world_error,real_dirty_value,87 patients,87 patientx,87 patientx,Non corrigé (regression)
546,sample,real_world_error,real_dirty_value,0 patients,x patients,x patients,Non corrigé (regression)
554,sample,real_world_error,real_dirty_value,74 patients,74 patxents,74 patxents,Non corrigé (regression)
580,sample,real_world_error,real_dirty_value,50 patients,50 pxtients,50 pxtients,Non corrigé (regression)
588,sample,real_world_error,real_dirty_value,172 patients,172 patxents,172 patxents,Non corrigé (regression)
668,sample,real_world_error,real_dirty_value,87 patients,87 paxienxs,87 paxienxs,Non corrigé (regression)
673,sample,real_world_error,real_dirty_value,618 patients,618 xatients,618 xatients,Non corrigé (regression)
776,sample,real_world_error,real_dirty_value,193 patients,193 paxienxs,193 paxienxs,Non corrigé (regression)
845,sample,real_world_error,real_dirty_value,4 patients,4 patiexts,4 patiexts,Non corrigé (regression)
866,sample,real_world_error,real_dirty_value,121 patients,121 patiexts,121 patiexts,Non corrigé (regression)
872,sample,real_world_error,real_dirty_value,15 patients,15 patiexts,15 patiexts,Non corrigé (regression)
905,sample,real_world_error,real_dirty_value,126 patients,126 patxents,126 patxents,Non corrigé (regression)
972,sample,real_world_error,real_dirty_value,27 patients,27 paxienxs,27 paxienxs,Non corrigé (regression)
26,name,real_world_error,real_dirty_value,southeast alabama medical center,southeast alabama medxcal center,southeast alabama medxcal center,Non corrigé (regression)
131,name,real_world_error,real_dirty_value,crenshaw community hospital,crenshaw cxmmunity hxspital,crenshaw cxmmunity hxspital,Non corrigé (regression)
171,name,real_world_error,real_dirty_value,marshall medical center north,marshall medical cenxer norxh,marshall medical cenxer norxh,Non corrigé (regression)
243,name,real_world_error,real_dirty_value,dekalb regional medical center,dexalb regional medical center,dexalb regional medical center,Non corrigé (regression)
337,name,real_world_error,real_dirty_value,flowers hospital,floxers hospital,floxers hospital,Non corrigé (regression)
384,name,real_world_error,real_dirty_value,univ of south alabama medical center,univ ox south alabama medical center,univ ox south alabama medical center,Non corrigé (regression)
385,name,real_world_error,real_dirty_value,univ of south alabama medical center,xniv of soxth alabama medical center,xniv of soxth alabama medical center,Non corrigé (regression)
448,name,real_world_error,real_dirty_value,alaska regional hospital,xlxskx regionxl hospitxl,xlxskx regionxl hospitxl,Non corrigé (regression)
532,name,real_world_error,real_dirty_value,baptist medical center south,baptist medical cexter south,baptist medical cexter south,Non corrigé (regression)
560,name,real_world_error,real_dirty_value,jackson hospital & clinic inc,jaxkson hospital & xlinix inx,jaxkson hospital & xlinix inx,Non corrigé (regression)
654,name,real_world_error,real_dirty_value,wedowee hospital,wedowee hosxital,wedowee hosxital,Non corrigé (regression)
697,name,real_world_error,real_dirty_value,community hospital inc,communitx hospital inc,communitx hospital inc,Non corrigé (regression)
710,name,real_world_error,real_dirty_value,community hospital inc,communixy hospixal inc,communixy hospixal inc,Non corrigé (regression)
730,name,real_world_error,real_dirty_value,cullman regional medical center,cullmxn regionxl medicxl center,cullmxn regionxl medicxl center,Non corrigé (regression)
758,name,real_world_error,real_dirty_value,andalusia regional hospital,andaxusia regionax hospitax,andaxusia regionax hospitax,Non corrigé (regression)
765,name,real_world_error,real_dirty_value,andalusia regional hospital,andaluxia regional hoxpital,andaluxia regional hoxpital,Non corrigé (regression)
777,name,real_world_error,real_dirty_value,huntsville hospital,huntsvxlle hospxtal,huntsvxlle hospxtal,Non corrigé (regression)
903,name,real_world_error,real_dirty_value,riverview regional medical center,rivxrvixw rxgional mxdical cxntxr,rivxrvixw rxgional mxdical cxntxr,Non corrigé (regression)
921,name,real_world_error,real_dirty_value,riverview regional medical center,xivexview xegional medical centex,xivexview xegional medical centex,Non corrigé (regression)
922,name,real_world_error,real_dirty_value,riverview regional medical center,riverview rexional medical center,riverview rexional medical center,Non corrigé (regression)
938,name,real_world_error,real_dirty_value,georgiana hospital,georgiaxa hospital,georgiaxa hospital,Non corrigé (regression)
956,name,real_world_error,real_dirty_value,medical center enterprise,medixal xenter enterprise,medixal xenter enterprise,Non corrigé (regression)
962,name,real_world_error,real_dirty_value,medical center enterprise,medxcal center enterprxse,medxcal center enterprxse,Non corrigé (regression)
987,name,real_world_error,real_dirty_value,st vincents blount,st vincents bxount,st vincents bxount,Non corrigé (regression)
44,zip,real_world_error,real_dirty_value,35957,x5957,5957,Mal corrigé (valeur différente mais fausse)
63,zip,real_world_error,real_dirty_value,35957,3595x,3595,Mal corrigé (valeur différente mais fausse)
70,zip,real_world_error,real_dirty_value,35631,3563x,3563,Mal corrigé (valeur différente mais fausse)
93,zip,real_world_error,real_dirty_value,35631,3563x,3563,Mal corrigé (valeur différente mais fausse)
137,zip,real_world_error,real_dirty_value,36049,36x49,3649,Mal corrigé (valeur différente mais fausse)
139,zip,real_world_error,real_dirty_value,36049,360x9,3609,Mal corrigé (valeur différente mais fausse)
149,zip,real_world_error,real_dirty_value,35640,3x640,3640,Mal corrigé (valeur différente mais fausse)
157,zip,real_world_error,real_dirty_value,35640,3x640,3640,Mal corrigé (valeur différente mais fausse)
196,zip,real_world_error,real_dirty_value,35235,3x23x,323,Mal corrigé (valeur différente mais fausse)
232,zip,real_world_error,real_dirty_value,35968,359x8,3598,Mal corrigé (valeur différente mais fausse)
267,zip,real_world_error,real_dirty_value,36784,x6784,6784,Mal corrigé (valeur différente mais fausse)
283,zip,real_world_error,real_dirty_value,35007,3x007,3007,Mal corrigé (valeur différente mais fausse)
290,zip,real_world_error,real_dirty_value,35007,x5007,5007,Mal corrigé (valeur différente mais fausse)
325,zip,real_world_error,real_dirty_value,36201,36x01,3601,Mal corrigé (valeur différente mais fausse)
332,zip,real_world_error,real_dirty_value,36305,3x305,3305,Mal corrigé (valeur différente mais fausse)
340,zip,real_world_error,real_dirty_value,36305,x6x05,605,Mal corrigé (valeur différente mais fausse)
366,zip,real_world_error,real_dirty_value,35594,3xx94,394,Mal corrigé (valeur différente mais fausse)
375,zip,real_world_error,real_dirty_value,35594,3xx94,394,Mal corrigé (valeur différente mais fausse)
406,zip,real_world_error,real_dirty_value,36067,3x0x7,307,Mal corrigé (valeur différente mais fausse)
420,zip,real_world_error,real_dirty_value,35150,x5150,5150,Mal corrigé (valeur différente mais fausse)
428,zip,real_world_error,real_dirty_value,35150,3x1x0,310,Mal corrigé (valeur différente mais fausse)
490,zip,real_world_error,real_dirty_value,36360,x6x60,660,Mal corrigé (valeur différente mais fausse)
499,zip,real_world_error,real_dirty_value,35960,x5960,5960,Mal corrigé (valeur différente mais fausse)
544,zip,real_world_error,real_dirty_value,36106,3x10x,310,Mal corrigé (valeur différente mais fausse)
679,zip,real_world_error,real_dirty_value,35233,3x233,3233,Mal corrigé (valeur différente mais fausse)
685,zip,real_world_error,real_dirty_value,35233,x52xx,52,Mal corrigé (valeur différente mais fausse)
710,zip,real_world_error,real_dirty_value,36078,36x78,3678,Mal corrigé (valeur différente mais fausse)
750,zip,real_world_error,real_dirty_value,36420,3642x,3642,Mal corrigé (valeur différente mais fausse)
815,zip,real_world_error,real_dirty_value,35903,x590x,590,Mal corrigé (valeur différente mais fausse)
923,zip,real_world_error,real_dirty_value,35901,3590x,3590,Mal corrigé (valeur différente mais fausse)
67,county,real_world_error,real_dirty_value,marshall,mxrshxll,mxrshxll,Non corrigé (regression)
72,county,real_world_error,real_dirty_value,lauderdale,laudxrdalx,laudxrdalx,Non corrigé (regression)
77,county,real_world_error,real_dirty_value,lauderdale,laudexdale,laudexdale,Non corrigé (regression)
136,county,real_world_error,real_dirty_value,crenshaw,crxnshaw,crxnshaw,Non corrigé (regression)
216,county,real_world_error,real_dirty_value,jefferson,jeffersxn,jeffersxn,Non corrigé (regression)
221,county,real_world_error,real_dirty_value,de kalb,dx kalb,dx kalb,Non corrigé (regression)
223,county,real_world_error,real_dirty_value,de kalb,xe kalb,xe kalb,Non corrigé (regression)
227,county,real_world_error,real_dirty_value,de kalb,dx kalb,dx kalb,Non corrigé (regression)
238,county,real_world_error,real_dirty_value,de kalb,xe kalb,xe kalb,Non corrigé (regression)
252,county,real_world_error,real_dirty_value,clarke,xlarke,xlarke,Non corrigé (regression)
312,county,real_world_error,real_dirty_value,calhoun,calhoxn,calhoxn,Non corrigé (regression)
324,county,real_world_error,real_dirty_value,calhoun,caxhoun,caxhoun,Non corrigé (regression)
346,county,real_world_error,real_dirty_value,houston,housxon,housxon,Non corrigé (regression)
415,county,real_world_error,real_dirty_value,talladega,tallaxega,tallaxega,Non corrigé (regression)
456,county,real_world_error,real_dirty_value,jefferson,jxffxrson,jxffxrson,Non corrigé (regression)
457,county,real_world_error,real_dirty_value,jefferson,xefferson,xefferson,Non corrigé (regression)
465,county,real_world_error,real_dirty_value,jefferson,jexxerson,jexxerson,Non corrigé (regression)
502,county,real_world_error,real_dirty_value,cherokee,chxrokxx,chxrokxx,Non corrigé (regression)
513,county,real_world_error,real_dirty_value,cherokee,chxrokxx,chxrokxx,Non corrigé (regression)
527,county,real_world_error,real_dirty_value,montgomery,monxgomery,monxgomery,Non corrigé (regression)
540,county,real_world_error,real_dirty_value,montgomery,montgomexy,montgomexy,Non corrigé (regression)
551,county,real_world_error,real_dirty_value,montgomery,monxgomery,monxgomery,Non corrigé (regression)
578,county,real_world_error,real_dirty_value,chambers,xhambers,xhambers,Non corrigé (regression)
590,county,real_world_error,real_dirty_value,chambers,chaxbers,chaxbers,Non corrigé (regression)
602,county,real_world_error,real_dirty_value,coffee,coffxx,coffxx,Non corrigé (regression)
633,county,real_world_error,real_dirty_value,lee,xee,xee,Non corrigé (regression)
672,county,real_world_error,real_dirty_value,jefferson,jxffxrson,jxffxrson,Non corrigé (regression)
689,county,real_world_error,real_dirty_value,jefferson,jexxerson,jexxerson,Non corrigé (regression)
692,county,real_world_error,real_dirty_value,elmore,elmoxe,elmoxe,Non corrigé (regression)
698,county,real_world_error,real_dirty_value,elmore,elxore,elxore,Non corrigé (regression)
722,county,real_world_error,real_dirty_value,cullman,cxllman,cxllman,Non corrigé (regression)
730,county,real_world_error,real_dirty_value,cullman,cxllman,cxllman,Non corrigé (regression)
752,county,real_world_error,real_dirty_value,covington,coxington,coxington,Non corrigé (regression)
785,county,real_world_error,real_dirty_value,madison,madisxn,madisxn,Non corrigé (regression)
798,county,real_world_error,real_dirty_value,madison,madisox,madisox,Non corrigé (regression)
895,county,real_world_error,real_dirty_value,fayette,fayexxe,fayexxe,Non corrigé (regression)
917,county,real_world_error,real_dirty_value,etowah,etowxh,etowxh,Non corrigé (regression)
943,county,real_world_error,real_dirty_value,butler,butxer,butxer,Non corrigé (regression)
966,county,real_world_error,real_dirty_value,coffee,cxffee,cxffee,Non corrigé (regression)
24,phone,real_world_error,real_dirty_value,3347938701,334793870x,334793870,Mal corrigé (valeur différente mais fausse)
36,phone,real_world_error,real_dirty_value,3347938701,xx479x8701,4798701,Mal corrigé (valeur différente mais fausse)
57,phone,real_world_error,real_dirty_value,2565938310,2x6x938310,26938310,Mal corrigé (valeur différente mais fausse)
60,phone,real_world_error,real_dirty_value,2565938310,2x6x938310,26938310,Mal corrigé (valeur différente mais fausse)
65,phone,real_world_error,real_dirty_value,2565938310,2565x38310,256538310,Mal corrigé (valeur différente mais fausse)
101,phone,real_world_error,real_dirty_value,3344933541,3344x33541,334433541,Mal corrigé (valeur différente mais fausse)
217,phone,real_world_error,real_dirty_value,2058383122,2058x8x122,20588122,Mal corrigé (valeur différente mais fausse)
228,phone,real_world_error,real_dirty_value,2568453150,2568453x50,256845350,Mal corrigé (valeur différente mais fausse)
247,phone,real_world_error,real_dirty_value,3346366221,xx46x66221,4666221,Mal corrigé (valeur différente mais fausse)
261,phone,real_world_error,real_dirty_value,3346366221,334x3xx221,3343221,Mal corrigé (valeur différente mais fausse)
321,phone,real_world_error,real_dirty_value,2562358900,256235x900,256235900,Mal corrigé (valeur différente mais fausse)
342,phone,real_world_error,real_dirty_value,3347935000,xx479x5000,4795000,Mal corrigé (valeur différente mais fausse)
381,phone,real_world_error,real_dirty_value,2514717110,25x47x7xx0,254770,Mal corrigé (valeur différente mais fausse)
384,phone,real_world_error,real_dirty_value,2514717110,25x47x7xx0,254770,Mal corrigé (valeur différente mais fausse)
386,phone,real_world_error,real_dirty_value,2514717110,25x47x7xx0,254770,Mal corrigé (valeur différente mais fausse)
393,phone,real_world_error,real_dirty_value,3343614267,33x361x267,33361267,Mal corrigé (valeur différente mais fausse)
471,phone,real_world_error,real_dirty_value,3347742601,334774x601,334774601,Mal corrigé (valeur différente mais fausse)
516,phone,real_world_error,real_dirty_value,3342882100,3342xx2100,33422100,Mal corrigé (valeur différente mais fausse)
548,phone,real_world_error,real_dirty_value,3342938000,3342938xxx,3342938,Mal corrigé (valeur différente mais fausse)
561,phone,real_world_error,real_dirty_value,3342938000,33x2938000,332938000,Mal corrigé (valeur différente mais fausse)
562,phone,real_world_error,real_dirty_value,3342938000,3342938xxx,3342938,Mal corrigé (valeur différente mais fausse)
572,phone,real_world_error,real_dirty_value,3347561400,334x561400,334561400,Mal corrigé (valeur différente mais fausse)
593,phone,real_world_error,real_dirty_value,3348972257,33x8972257,338972257,Mal corrigé (valeur différente mais fausse)
666,phone,real_world_error,real_dirty_value,2059344011,20593xx011,20593011,Mal corrigé (valeur différente mais fausse)
699,phone,real_world_error,real_dirty_value,3342836541,334x836541,334836541,Mal corrigé (valeur différente mais fausse)
713,phone,real_world_error,real_dirty_value,3342836541,33x28365x1,33283651,Mal corrigé (valeur différente mais fausse)
751,phone,real_world_error,real_dirty_value,3342228466,334xxx8466,3348466,Mal corrigé (valeur différente mais fausse)
763,phone,real_world_error,real_dirty_value,3342228466,33422284xx,33422284,Mal corrigé (valeur différente mais fausse)
824,phone,real_world_error,real_dirty_value,2564944000,2564944xxx,2564944,Mal corrigé (valeur différente mais fausse)
855,phone,real_world_error,real_dirty_value,2059216200,x059x16x00,591600,Mal corrigé (valeur différente mais fausse)
865,phone,real_world_error,real_dirty_value,2059216200,20x9216200,209216200,Mal corrigé (valeur différente mais fausse)
881,phone,real_world_error,real_dirty_value,2059325966,x0593x5966,5935966,Mal corrigé (valeur différente mais fausse)
883,phone,real_world_error,real_dirty_value,2059325966,x0593x5966,5935966,Mal corrigé (valeur différente mais fausse)
916,phone,real_world_error,real_dirty_value,2565435200,x565435x00,56543500,Mal corrigé (valeur différente mais fausse)
16,type,real_world_error,real_dirty_value,acute care hospitals,acuxe care hospixals,acute care hospitals,Corrigé
39,type,real_world_error,real_dirty_value,acute care hospitals,acxte care hospitals,acxte care hospitals,Non corrigé (regression)
98,type,real_world_error,real_dirty_value,acute care hospitals,acute care hosxitals,acute care hospitals,Corrigé
199,type,real_world_error,real_dirty_value,acute care hospitals,acute care hosxitals,acute care hospitals,Corrigé
213,type,real_world_error,real_dirty_value,acute care hospitals,acutx carx hospitals,acute care hospitals,Corrigé
266,type,real_world_error,real_dirty_value,acute care hospitals,acuxe care hospixals,acute care hospitals,Corrigé
280,type,real_world_error,real_dirty_value,acute care hospitals,acutexcarexhospitals,acute care hospitals,Corrigé
293,type,real_world_error,real_dirty_value,acute care hospitals,acuxe care hospixals,acute care hospitals,Corrigé
411,type,real_world_error,real_dirty_value,acute care hospitals,acute care hosxitals,acute care hospitals,Corrigé
413,type,real_world_error,real_dirty_value,acute care hospitals,acuxe care hospixals,acute care hospitals,Corrigé
453,type,real_world_error,real_dirty_value,acute care hospitals,acute care hospitaxs,acute care hospitaxs,Non corrigé (regression)
490,type,real_world_error,real_dirty_value,acute care hospitals,acute caxe hospitals,acute caxe hospitals,Non corrigé (regression)
493,type,real_world_error,real_dirty_value,acute care hospitals,acute care hxspitals,acute care hxspitals,Non corrigé (regression)
497,type,real_world_error,real_dirty_value,acute care hospitals,acutx carx hospitals,acute care hospitals,Corrigé
511,type,real_world_error,real_dirty_value,acute care hospitals,acuxe care hospixals,acute care hospitals,Corrigé
532,type,real_world_error,real_dirty_value,acute care hospitals,acute care hosxitals,acute care hospitals,Corrigé
588,type,real_world_error,real_dirty_value,acute care hospitals,acuxe care hospixals,acute care hospitals,Corrigé
634,type,real_world_error,real_dirty_value,acute care hospitals,acuxe care hospixals,acute care hospitals,Corrigé
695,type,real_world_error,real_dirty_value,acute care hospitals,acute cxre hospitxls,acute cxre hospitxls,Non corrigé (regression)
705,type,real_world_error,real_dirty_value,acute care hospitals,acutexcarexhospitals,acute care hospitals,Corrigé
729,type,real_world_error,real_dirty_value,acute care hospitals,acutexcarexhospitals,acute care hospitals,Corrigé
779,type,real_world_error,real_dirty_value,acute care hospitals,acutexcarexhospitals,acute care hospitals,Corrigé
782,type,real_world_error,real_dirty_value,acute care hospitals,acute care hospitaxs,acute care hospitaxs,Non corrigé (regression)
814,type,real_world_error,real_dirty_value,acute care hospitals,axute care hospitals,axute care hospitals,Non corrigé (regression)
848,type,real_world_error,real_dirty_value,acute care hospitals,acute caxe hospitals,acute caxe hospitals,Non corrigé (regression)
877,type,real_world_error,real_dirty_value,acute care hospitals,acute care hoxpitalx,acute care hoxpitalx,Non corrigé (regression)
902,type,real_world_error,real_dirty_value,acute care hospitals,acutexcarexhospitals,acute care hospitals,Corrigé
926,type,real_world_error,real_dirty_value,acute care hospitals,acuxe care hospixals,acute care hospitals,Corrigé
949,type,real_world_error,real_dirty_value,acute care hospitals,acute care hosxitals,acute care hospitals,Corrigé
956,type,real_world_error,real_dirty_value,acute care hospitals,acute xare hospitals,acute xare hospitals,Non corrigé (regression)
964,type,real_world_error,real_dirty_value,acute care hospitals,acutexcarexhospitals,acute care hospitals,Corrigé
976,type,real_world_error,real_dirty_value,acute care hospitals,acutexcarexhospitals,acute care hospitals,Corrigé
22,owner,real_world_error,real_dirty_value,government - hospital district or authority,government - hospxtal dxstrxct or authorxty,government - hospxtal dxstrxct or authorxty,Non corrigé (regression)
27,owner,real_world_error,real_dirty_value,government - hospital district or authority,government - hospital xistrict or authority,government - hospital xistrict or authority,Non corrigé (regression)
31,owner,real_world_error,real_dirty_value,government - hospital district or authority,governmenx - hospixal disxricx or auxhorixy,governmenx - hospixal disxricx or auxhorixy,Non corrigé (regression)
42,owner,real_world_error,real_dirty_value,government - hospital district or authority,gxvernment - hxspital district xr authxrity,gxvernment - hxspital district xr authxrity,Non corrigé (regression)
113,owner,real_world_error,real_dirty_value,voluntary non-profit - private,volunxary non-profix - privaxe,volunxary non-profix - privaxe,Non corrigé (regression)
157,owner,real_world_error,real_dirty_value,proprietary,pxopxietaxy,pxopxietaxy,Non corrigé (regression)
159,owner,real_world_error,real_dirty_value,proprietary,proxrietary,proxrietary,Non corrigé (regression)
162,owner,real_world_error,real_dirty_value,proprietary,xroprietary,xroprietary,Non corrigé (regression)
164,owner,real_world_error,real_dirty_value,proprietary,pxopxietaxy,pxopxietaxy,Non corrigé (regression)
216,owner,real_world_error,real_dirty_value,voluntary non-profit - private,volunxary non-profix - privaxe,volunxary non-profix - privaxe,Non corrigé (regression)
218,owner,real_world_error,real_dirty_value,voluntary non-profit - private,voluntary nonxprofit x private,voluntary nonxprofit x private,Non corrigé (regression)
221,owner,real_world_error,real_dirty_value,voluntary non-profit - church,voluntaryxnon-profitx-xchurch,voluntaryxnon-profitx-xchurch,Non corrigé (regression)
238,owner,real_world_error,real_dirty_value,voluntary non-profit - church,voxuntary non-profit - church,voxuntary non-profit - church,Non corrigé (regression)
247,owner,real_world_error,real_dirty_value,government - federal,governxent - federal,governxent - federal,Non corrigé (regression)
313,owner,real_world_error,real_dirty_value,proprietary,prxprietary,prxprietary,Non corrigé (regression)
332,owner,real_world_error,real_dirty_value,proprietary,proxrietary,proxrietary,Non corrigé (regression)
356,owner,real_world_error,real_dirty_value,proprietary,prxprietary,prxprietary,Non corrigé (regression)
449,owner,real_world_error,real_dirty_value,proprietary,proxrietary,proxrietary,Non corrigé (regression)
456,owner,real_world_error,real_dirty_value,government - hospital district or authority,gxvernment - hxspital district xr authxrity,gxvernment - hxspital district xr authxrity,Non corrigé (regression)
493,owner,real_world_error,real_dirty_value,voluntary non-profit - private,voluntaryxnon-profitx-xprivate,voluntaryxnon-profitx-xprivate,Non corrigé (regression)
526,owner,real_world_error,real_dirty_value,voluntary non-profit - church,volxntary non-profit - chxrch,volxntary non-profit - chxrch,Non corrigé (regression)
572,owner,real_world_error,real_dirty_value,voluntary non-profit - other,voluntary non-profit - otxer,voluntary non-profit - otxer,Non corrigé (regression)
744,owner,real_world_error,real_dirty_value,proprietary,prxprietary,prxprietary,Non corrigé (regression)
784,owner,real_world_error,real_dirty_value,government - hospital district or authority,goverxmext - hospital district or authority,goverxmext - hospital district or authority,Non corrigé (regression)
846,owner,real_world_error,real_dirty_value,voluntary non-profit - private,voluntaxy non-pxofit - pxivate,voluntaxy non-pxofit - pxivate,Non corrigé (regression)
868,owner,real_world_error,real_dirty_value,voluntary non-profit - private,voluxtary xox-profit - private,voluxtary xox-profit - private,Non corrigé (regression)
872,owner,real_world_error,real_dirty_value,voluntary non-profit - private,voluntaxy non-pxofit - pxivate,voluntaxy non-pxofit - pxivate,Non corrigé (regression)
